{"minzoom":0,"maxzoom":9,"center":[-76.289063,20.303067,9.0],"bounds":[-84.954231,19.825912,-74.13179,23.274054]}