{"minzoom":0,"maxzoom":8,"center":[-75.234375,19.971964,8.0],"bounds":[-84.954231,19.825912,-74.13179,23.274054]}